{"cameraMode":{"drawMode":0,"name":"Shaded","section":"Shading Mode"},"sceneLighting":false,"audioPlay":false,"sceneViewState":{"showFog":true,"showMaterialUpdate":false,"showSkybox":true,"showFlares":true,"showImageEffects":true,"showParticleSystems":true},"in2DMode":false,"pivot":{"x":-0.3115043640136719,"y":-4.352921485900879,"z":11.17646598815918},"rotation":{"x":0.17749638855457307,"y":-0.25448253750801089,"z":0.047574233263731,"w":0.9494579434394836},"size":24.344329833984376,"orthographic":false}