{"cameraMode":{"drawMode":0,"name":"Shaded","section":"Shading Mode"},"sceneLighting":false,"audioPlay":false,"sceneViewState":{"showFog":true,"showMaterialUpdate":false,"showSkybox":true,"showFlares":true,"showImageEffects":true,"showParticleSystems":true},"in2DMode":false,"pivot":{"x":-14.631912231445313,"y":14.093887329101563,"z":7.85498046875},"rotation":{"x":0.17749638855457307,"y":-0.25448253750801089,"z":0.047574233263731,"w":0.9494579434394836},"size":107.1477279663086,"orthographic":false}