{"cameraMode":{"drawMode":0,"name":"Shaded","section":"Shading Mode"},"sceneLighting":false,"audioPlay":false,"sceneViewState":{"showFog":true,"showMaterialUpdate":false,"showSkybox":true,"showFlares":true,"showImageEffects":true,"showParticleSystems":true},"in2DMode":false,"pivot":{"x":194.5,"y":345.53662109375,"z":-0.005251586437225342},"rotation":{"x":0.1679566204547882,"y":0.319170743227005,"z":-0.057584747672080997,"w":0.9309160709381104},"size":2.0424797534942629,"orthographic":false}